,Similarity Run,Hybrid Run,Difference
faithfulness,0.8871252204585538,0.7935626102292769,0.09356261022927692
answer_relevancy,0.939447437655155,0.9526043824496833,-0.013156944794528225
context_precision,0.8619674700940313,0.7965716883817733,0.06539578171225802
context_recall,0.9629629629629629,1.0,-0.03703703703703709
answer_correctness,0.7262493543586829,0.8329346628728519,-0.10668530851416902
answer_similarity,0.9671746130956169,0.9751531519282941,-0.007978538832677184
